,coin,acc_trade_vol,traded_time,traded_price,ask_bid,high,dev,24h_vol
0,KRW-BTC,5750.42334271,1714500398.466811,86874000.0,BID,92540000.0,0.0,577517808937.0522
1,KRW-ETH,31123.53245315,1714500398.4754229,4290000.0,BID,4653000.0,0.0,156480099887.04108
2,KRW-NEO,3884651.28837141,1714500398.476247,24250.0,ASK,27860.0,-0.0,120112599179.49193
3,KRW-MTL,3128275.13951988,1714500398.476855,2193.0,BID,2407.0,0.0,7863325900.567751
4,KRW-XRP,171204897.36070552,1714500398.477584,713.9,BID,743.4,0.0,139569581780.17416
5,KRW-ETC,1440741.65413024,1714500398.478358,36290.0,ASK,40110.0,-0.0,61040959551.7981
6,KRW-SNT,29233287.57930251,1714500398.479468,53.13,BID,56.9,0.0,1728040008.6522653
7,KRW-WAVES,18967732.52268359,1714500398.4805949,3253.0,BID,3763.0,0.0,88557014176.18356
8,KRW-XEM,54359920.48611907,1714500398.481229,50.2,BID,53.99,0.0,3250136971.6175737
9,KRW-QTUM,1754508.76709221,1714500398.482103,5290.0,ASK,5830.0,-0.0,12128791839.967756
10,KRW-LSK,5730149.79844358,1714500398.776323,2280.0,BID,2427.0,0.0,14954762367.163841
11,KRW-STEEM,187435397.91637364,1714500398.778465,399.9,ASK,436.2,-0.0,77352521288.0823
12,KRW-XLM,29277368.369454,1714500398.7798321,152.0,BID,161.7,0.0,5052973068.718797
13,KRW-ARDR,21888280.54593086,1714500398.7807841,143.8,BID,162.0,0.0,3618473690.582613
14,KRW-ARK,2628923.76109021,1714500398.782028,1022.0,BID,1129.0,0.0,3471930049.7979107
15,KRW-STORJ,5845148.74414856,1714500398.783247,716.7,ASK,794.1,-0.0,5601692895.850601
16,KRW-GRS,1861624.71722602,1714500398.784253,726.0,BID,760.5,0.0,1542918890.8457003
17,KRW-ADA,23357942.07752499,1714500398.7850618,625.3,BID,662.8,0.0,16559454692.911127
18,KRW-SBD,1531270.91276609,1714500398.785822,5252.0,ASK,5527.0,-0.0,8415358441.319309
19,KRW-POWR,32510999.77109802,1714500398.7865841,400.8,ASK,444.3,-0.0,15320144849.604387
20,KRW-BTG,174653.46992786,1714500398.78735,43540.0,BID,46200.0,0.0,8475708421.992929
21,KRW-ICX,11819048.74795554,1714500398.7880871,305.0,ASK,334.8,-0.0,4140807324.025502
22,KRW-EOS,26179755.07982569,1714500398.7888288,1093.0,BID,1204.0,0.0,31212188287.85899
23,KRW-TRX,91433611.35795301,1714500398.7895958,171.0,BID,172.7,0.0,16989356032.653412
24,KRW-SC,614310755.3617496,1714500398.7905972,9.9,ASK,10.6,-0.0,6785693634.127033
25,KRW-ONT,158587088.80987057,1714500398.791256,534.5,BID,589.8,0.0,101279419705.98772
26,KRW-ZIL,138163856.8204017,1714500398.792031,32.16,ASK,35.25,-0.0,5090367705.107942
27,KRW-POLYX,62684499.16592369,1714500398.7926772,483.8,ASK,539.6,-0.0,37687763912.74468
28,KRW-ZRX,9450783.27272416,1714500398.793328,656.3,BID,721.4,0.0,7247664793.242758
29,KRW-LOOM,79455953.21029761,1714500398.794009,112.8,ASK,125.2,-0.0,11265469846.648129
30,KRW-BCH,33950.43363677,1714500398.794699,616000.0,ASK,673200.0,-0.0,24386055639.140945
31,KRW-BAT,5589175.83047068,1714500398.795371,338.3,BID,360.6,0.0,2202249371.7651734
32,KRW-IOST,273489308.9238955,1714500398.796056,12.56,BID,13.66,0.0,3894193134.4262576
33,KRW-CVC,189027415.2087514,1714500398.7966669,217.1,ASK,254.0,-0.0,46680936942.73277
34,KRW-IQ,526179665.903088,1714500398.797415,12.25,ASK,13.33,-0.0,8063436330.889147
35,KRW-IOTA,12764298.97731219,1714500398.798178,300.5,BID,326.8,0.0,4260756029.4424586
36,KRW-HIFI,7887743.85357299,1714500398.798839,1013.0,ASK,1140.0,-0.0,9687902094.532438
37,KRW-ONG,83789877.31495821,1714500398.799485,859.6,ASK,938.8,-0.0,92814407577.15356
38,KRW-GAS,1408836.74291192,1714500398.800108,7072.0,BID,7970.0,0.0,11922420946.309116
39,KRW-UPP,19465951.54857899,1714500398.800745,113.4,ASK,121.0,-0.0,2470819916.751709
40,KRW-ELF,59059825.07230646,1714500398.801378,782.2,BID,965.8,0.0,54768903320.11314
41,KRW-KNC,2186737.31899793,1714500398.802026,779.6,ASK,848.0,-0.0,2011197670.2004793
42,KRW-BSV,74889.94246411,1714500398.803327,85770.0,BID,94680.0,0.0,7606266462.446051
43,KRW-THETA,6328393.76878896,1714500398.804034,2834.0,ASK,3227.0,-0.0,22819140751.165516
44,KRW-QKC,102386980.83931178,1714500398.804636,16.19,ASK,17.68,-0.0,1946048221.8899155
45,KRW-BTT,9436341585444.922,1714500398.805238,0.00174,ASK,0.001885,-0.0,18419731554.376778
46,KRW-MOC,27522986.13182935,1714500398.805825,135.5,BID,146.1,0.0,4011919299.874013
47,KRW-TFUEL,151172943.51641113,1714500398.806459,142.4,ASK,162.5,-0.0,25046483430.317318
48,KRW-MANA,12147293.0355975,1714500398.8070881,585.9,BID,633.7,0.0,7853531010.325264
49,KRW-ANKR,164897332.24473777,1714500398.807733,66.42,BID,77.47,0.0,14076487806.881012
50,KRW-AERGO,24424887.85623887,1714500398.808356,178.6,BID,191.5,0.0,4893288017.394969
51,KRW-ATOM,285830.95989667,1714500398.808971,11250.0,BID,11780.0,0.0,3680071517.965277
52,KRW-TT,505749382.4686247,1714500398.809582,6.166,BID,6.6,0.0,3669093155.692499
53,KRW-CRE,433037716.2944385,1714500398.8102348,7.549,ASK,8.4,-0.0,3680424202.496179
54,KRW-MBL,422686804.51470053,1714500398.8108559,5.9,BID,6.365,0.0,2881936654.420001
55,KRW-WAXP,53708213.40662605,1714500398.811475,88.29,BID,96.88,0.0,5401329541.184576
56,KRW-HBAR,136284563.28103307,1714500398.8120902,132.9,BID,148.7,0.0,23092954496.70566
57,KRW-MED,545706993.1102326,1714500398.812664,16.89,ASK,19.59,-0.0,10121286204.749422
58,KRW-MLK,161719093.38332254,1714500398.813249,469.4,BID,521.5,0.0,78433760322.9732
59,KRW-STPT,32214153.73645858,1714500398.813855,75.2,ASK,82.62,-0.0,2906208555.8515935
60,KRW-ORBS,153031250.76916718,1714500398.8144488,46.9,BID,50.83,0.0,8099531072.375581
61,KRW-VET,242240785.25434202,1714500398.815042,51.06,ASK,57.9,-0.0,15430733183.997551
62,KRW-CHZ,69426233.63513383,1714500398.81565,151.5,BID,167.4,0.0,11736595710.87162
63,KRW-STMX,359227208.15132195,1714500398.8162801,10.16,BID,10.95,0.0,4022250521.8952837
64,KRW-DKA,83327182.41703077,1714500398.816926,40.96,ASK,45.3,-0.0,3782310586.6216364
65,KRW-HIVE,4699119.00192016,1714500398.8175502,435.9,ASK,469.9,-0.0,2575418004.753612
66,KRW-KAVA,4252765.39804314,1714500398.818181,912.3,ASK,995.9,-0.0,4478837642.845587
67,KRW-AHT,190825831.0063047,1714500398.8188071,9.71,ASK,10.44,-0.0,2049441516.7273576
68,KRW-LINK,443677.5979725,1714500398.8194299,18760.0,BID,20340.0,0.0,10248342084.4045
69,KRW-XTZ,1245947.6020762,1714500398.8200488,1292.0,BID,1422.0,0.0,1873990678.9317014
70,KRW-BORA,59685312.86748295,1714500398.8206358,213.0,BID,240.0,0.0,14126499649.860712
71,KRW-JST,45294731.85196127,1714500398.821239,45.57,ASK,47.89,-0.0,2369230628.5478497
72,KRW-CRO,62919981.65330798,1714500398.821846,186.4,BID,200.0,0.0,12197867234.294498
73,KRW-TON,663602.15225921,1714500398.8224719,2790.0,ASK,2994.0,-0.0,2159842924.312721
74,KRW-SXP,6928369.93324135,1714500398.8241868,463.9,ASK,500.3,-0.0,3842883155.8314815
75,KRW-HUNT,11691984.40270676,1714500398.824817,577.5,BID,643.0,0.0,7427606595.322006
76,KRW-DOT,978427.44041924,1714500398.8254368,8835.0,BID,9537.0,0.0,9577390694.133295
77,KRW-MVL,361900033.0277332,1714500398.8260381,7.487,BID,7.886,0.0,3185327556.537877
78,KRW-STRAX,27738592.59959448,1714500398.826615,112.3,ASK,122.1,-0.0,3644011243.7907395
79,KRW-AQT,535079.1995571,1714500398.827192,1867.0,BID,1966.0,0.0,1078966745.7674117
80,KRW-GLM,135688284.57918414,1714500398.827778,700.0,BID,785.3,0.0,121637944300.19965
81,KRW-META,45706514.64063608,1714500398.828374,54.75,BID,58.19,0.0,2890297536.6645126
82,KRW-FCT2,78708611.88525088,1714500398.8289778,76.51,BID,82.5,0.0,8139909936.406177
83,KRW-CBK,894018.53802214,1714500398.829567,1105.0,BID,1163.0,0.0,1069915118.953715
84,KRW-SAND,14803582.92364598,1714500398.8301718,589.6,ASK,641.5,-0.0,10394900752.811626
85,KRW-HPO,12397819.68568926,1714500398.8307688,106.4,BID,114.3,0.0,1443929710.0870252
86,KRW-DOGE,433522052.1513092,1714500398.83138,191.3,BID,209.1,0.0,99111733672.55426
87,KRW-STRIKE,91197.35440413,1714500398.8319738,15060.0,BID,16130.0,0.0,1604078851.9391043
88,KRW-PUNDIX,8798607.49321995,1714500398.832546,829.6,ASK,917.8,-0.0,8863040632.971416
89,KRW-FLOW,10899600.91923083,1714500398.8331149,1190.0,BID,1302.0,0.0,14565847189.464466
90,KRW-AXS,939712.31359322,1714500398.833693,9436.0,ASK,10410.0,-0.0,10193306963.71788
91,KRW-STX,22143104.00649066,1714500398.8342872,3238.0,ASK,3739.0,-0.0,85005633114.81331
92,KRW-XEC,164050576760.2977,1714500398.8348758,0.06603,ASK,0.07188,-0.0,12560210530.486721
93,KRW-SOL,524957.83655359,1714500398.8354611,179750.0,BID,199900.0,0.0,111122215150.38562
94,KRW-MATIC,11043152.32100257,1714500398.836117,946.0,ASK,1020.0,-0.0,13012353856.35662
95,KRW-AAVE,17135.84685449,1714500398.837025,118250.0,ASK,129500.0,-0.0,2195144601.15284
96,KRW-1INCH,4143300.78358199,1714500398.8378,556.4,BID,613.4,0.0,2560215839.813628
97,KRW-ALGO,36692831.48493079,1714500398.8384151,248.9,BID,275.7,0.0,10688870661.045847
98,KRW-NEAR,7506893.70526318,1714500398.8391511,8637.0,ASK,9898.0,-0.0,79400607040.25192
99,KRW-AVAX,348921.88792428,1714500398.8399591,46760.0,BID,51130.0,0.0,21982393359.035572
100,KRW-T,284247490.834339,1714500398.840597,46.65,ASK,51.7,-0.0,17070649503.330675
101,KRW-CELO,3798649.65994566,1714500398.84137,1061.0,ASK,1188.0,-0.0,4678402383.645187
102,KRW-GMT,28134593.77199127,1714500398.8422022,303.1,ASK,336.2,-0.0,9918678490.59232
103,KRW-APT,1377261.45680886,1714500398.8429718,11880.0,BID,13280.0,0.0,19513039361.965794
104,KRW-SHIB,4750979498057.619,1714500398.84361,0.03199,ASK,0.03553,-0.0,175019048457.69745
105,KRW-MASK,1229140.4224185,1714500398.844439,4408.0,ASK,4909.0,-0.0,6318512265.429031
106,KRW-ARB,11679711.92840624,1714500398.845741,1421.0,ASK,1531.0,-0.0,20720604164.069813
107,KRW-EGLD,40055.45615956,1714500398.846524,53640.0,ASK,58050.0,-0.0,2467537271.9629016
108,KRW-SUI,10367713.80505439,1714500398.8471732,1582.0,BID,1727.0,0.0,17902508322.820713
109,KRW-GRT,46204976.97811604,1714500398.8479722,335.5,BID,373.0,0.0,17767281230.40408
110,KRW-BLUR,20065150.87620322,1714500398.848635,522.4,ASK,579.8,-0.0,12259442631.954601
111,KRW-IMX,1048640.50995799,1714500398.8492942,2700.0,ASK,3083.0,-0.0,3173250532.048405
112,KRW-SEI,73214136.67524767,1714500398.84994,800.4,BID,911.6,0.0,81167870610.2591
113,KRW-MINA,4208546.17727847,1714500398.850593,1107.0,ASK,1214.0,-0.0,5445910826.143801
114,KRW-CTC,6528340.38400195,1714500398.851234,903.1,BID,989.0,0.0,7334365059.345031
115,KRW-ASTR,136211997.96344748,1714500398.852017,131.7,BID,152.0,0.0,19222823642.900444
116,KRW-ID,17092285.36279035,1714500398.85265,967.0,ASK,1055.0,-0.0,18666532852.9185
117,KRW-PYTH,30334978.29723667,1714500398.853514,727.4,ASK,821.7,-0.0,24714782344.21105
118,KRW-MNT,7299987.72125797,1714500398.854191,1363.0,BID,1497.0,0.0,11300332154.797625
119,KRW-AKT,2158214.87210043,1714500398.855104,5667.0,BID,6205.0,0.0,14262880284.445362
120,KRW-ONT,158587172.48850882,1714500398.85588,534.5,BID,589.8,8.262156170775192e-10,101279419705.98772
121,KRW-AQT,535084.58168842,1714500398.856569,1858.0,ASK,1966.0,-4.988227247214286e-09,1078966745.7674117
122,KRW-AQT,535086.93107277,1714500398.857226,1858.0,ASK,1966.0,-2.1774390723531358e-09,1078966745.7674117
123,KRW-NEAR,7506903.85136895,1714500398.858038,8637.0,BID,9898.0,1.2778373048052562e-10,79400607040.25192
124,KRW-BTC,5750.42391825,1714500398.9573739,86874000.0,BID,92540000.0,9.96575327835782e-16,577517808937.0522
125,KRW-ORBS,153031619.39674097,1714500399.424105,46.91,ASK,50.83,-4.551221181747354e-08,8099531072.375581
126,KRW-BSV,74892.84246411,1714500399.5449758,85770.0,BID,94680.0,3.812645815541922e-10,7606266462.446051
127,KRW-DOGE,433524665.847075,1714500400.1044428,191.3,BID,209.1,2.637120418484921e-08,99111733672.55426
128,KRW-ETC,1440742.65413024,1714500400.1941829,36320.0,BID,40110.0,1.638244233614022e-11,61040959551.7981
129,KRW-STX,22143124.00649066,1714500400.566412,3238.0,BID,3739.0,2.3527852528298793e-10,85005633114.81331
130,KRW-ETH,31124.65256745,1714500400.703434,4290000.0,BID,4653000.0,7.158190088122531e-12,156480099887.04108
131,KRW-STX,22143182.74243866,1714500400.783036,3238.0,ASK,3739.0,-6.909653613281277e-10,85005633114.81331
132,KRW-HIFI,7887931.22992731,1714500400.8250291,1015.0,BID,1140.0,1.934127249548944e-08,9687902094.532438
133,KRW-STX,22143294.14243866,1714500400.9233239,3238.0,ASK,3739.0,-1.3105013858525373e-09,85005633114.81331
134,KRW-ETH,31124.73641405,1714500400.925036,4290000.0,BID,4653000.0,5.358291569290776e-13,156480099887.04108
135,KRW-MATIC,11043167.09516888,1714500400.993003,947.6,BID,1020.0,1.1353953690035975e-09,13012353856.35662
136,KRW-BCH,33952.3820469,1714500401.535574,616000.0,ASK,673200.0,-7.989853541010827e-11,24386055639.140945
137,KRW-VET,242278704.7550351,1714500401.594599,51.03,ASK,57.9,-2.4574010995412225e-06,15430733183.997551
138,KRW-VET,242337804.7550351,1714500401.5963619,51.04,ASK,57.9,-3.8300189171367235e-06,15430733183.997551
139,KRW-VET,242342804.7550351,1714500401.597713,51.03,ASK,57.9,-3.2402867319261617e-07,15430733183.997551
140,KRW-BTC,5750.43013414,1714500401.805896,86874000.0,BID,92540000.0,1.0763113974722174e-14,577517808937.0522
141,KRW-ETH,31124.77371405,1714500402.252751,4290000.0,BID,4653000.0,2.3836896849430156e-13,156480099887.04108
142,KRW-BTC,5750.46114077,1714500403.006624,86874000.0,BID,92540000.0,5.368947852507589e-14,577517808937.0522
143,KRW-BTC,5750.46331764,1714500403.0089018,86874000.0,BID,92540000.0,3.76935562188822e-15,577517808937.0522
144,KRW-BTC,5750.48013414,1714500403.018683,86874000.0,BID,92540000.0,2.911858256025253e-14,577517808937.0522
145,KRW-BTC,5750.51349913,1714500403.064236,86874000.0,BID,92540000.0,5.77730928536149e-14,577517808937.0522
146,KRW-DOGE,433526221.3056238,1714500403.213847,191.3,BID,209.1,1.569398991629781e-08,99111733672.55426
147,KRW-BTC,5750.51361423,1714500403.244011,86874000.0,BID,92540000.0,1.993012126970442e-16,577517808937.0522
148,KRW-DOGE,433526320.1994166,1714500403.294294,191.1,ASK,209.1,-9.97801058300291e-10,99111733672.55426
149,KRW-BTC,5750.51666913,1714500403.495021,86874000.0,BID,92540000.0,5.289707006441906e-15,577517808937.0522
150,KRW-ETH,31125.21660449,1714500403.804426,4290000.0,BID,4653000.0,2.830330759762911e-12,156480099887.04108
151,KRW-ETH,31125.21986789,1714500403.98682,4290000.0,BID,4653000.0,2.0855048025021687e-14,156480099887.04108
152,KRW-TRX,91433903.75561382,1714500404.013483,171.0,BID,172.7,1.7210638251667046e-08,16989356032.653412
153,KRW-BCH,33952.70643589,1714500404.044072,616000.0,BID,673200.0,1.3302232833563264e-11,24386055639.140945
154,KRW-BTT,9436456689633.305,1714500404.0533829,0.00174,ASK,0.001885,-0.00624896123176465,18419731554.376778
155,KRW-WAVES,18967816.705077,1714500404.225292,3252.0,ASK,3763.0,-9.506010810372568e-10,88557014176.18356
156,KRW-WAVES,18967818.24289987,1714500404.230979,3252.0,ASK,3763.0,-1.7365342350132826e-11,88557014176.18356
157,KRW-WAVES,18968032.52268359,1714500404.23377,3251.0,ASK,3763.0,-2.4196816674024836e-09,88557014176.18356
158,KRW-BCH,33953.91034176,1714500404.8126562,615500.0,ASK,673200.0,-4.936861818945894e-11,24386055639.140945
159,KRW-BCH,33955.1008472,1714500404.818208,615500.0,ASK,673200.0,-4.881910619830214e-11,24386055639.140945
160,KRW-ONG,83789993.64813644,1714500404.8843908,859.7,ASK,938.8,-1.2533956877920648e-09,92814407577.15356
161,KRW-ONG,83790282.60395472,1714500404.888335,859.6,ASK,938.8,-3.113264694819909e-09,92814407577.15356
162,KRW-NEO,3884662.97423297,1714500405.025545,24270.0,ASK,27860.0,-9.729088904421931e-11,120112599179.49193
163,KRW-CRO,62922830.65330798,1714500405.285068,185.5,BID,200.0,2.3356542133775574e-07,12197867234.294498
164,KRW-NEO,3884665.76370606,1714500405.2909849,24260.0,ASK,27860.0,-2.3223817562655004e-11,120112599179.49193
165,KRW-NEO,3884669.05049826,1714500405.2940218,24270.0,ASK,27860.0,-2.7364258391803137e-11,120112599179.49193
166,KRW-SHIB,4751002046594.671,1714500405.303036,0.032,BID,0.03553,0.00012883475970450068,175019048457.69745
167,KRW-CRO,62924516.23217239,1714500405.323345,185.5,BID,200.0,1.3818635930644397e-07,12197867234.294498
168,KRW-BTG,174654.46992786,1714500405.4544482,43510.0,ASK,46200.0,-1.1798423803787078e-10,8475708421.992929
169,KRW-BTG,174658.46992786,1714500405.45981,43510.0,ASK,46200.0,-4.719369521514831e-10,8475708421.992929
170,KRW-BTC,5750.51672668,1714500405.495541,86874000.0,BID,92540000.0,9.96506063485221e-17,577517808937.0522
171,KRW-MASK,1229536.4224185,1714500405.631695,4408.0,ASK,4909.0,-6.267298113302171e-08,6318512265.429031
172,KRW-MASK,1230205.3224185,1714500405.63681,4408.0,ASK,4909.0,-1.0586352797947574e-07,6318512265.429031
173,KRW-MASK,1231668.2224185,1714500405.640613,4409.0,ASK,4909.0,-2.3152602045329855e-07,6318512265.429031
174,KRW-BTG,174664.001888,1714500405.644327,43540.0,BID,46200.0,6.526841019751305e-10,8475708421.992929
175,KRW-STX,22143334.62226721,1714500405.727762,3237.0,ASK,3739.0,-4.762017182203918e-10,85005633114.81331
176,KRW-MASK,1231833.2224185,1714500405.7319949,4408.0,BID,4909.0,2.611374213875905e-08,6318512265.429031
177,KRW-MASK,1232071.09604729,1714500405.73611,4408.0,BID,4909.0,3.764709456865161e-08,6318512265.429031
178,KRW-MASK,1232495.46803803,1714500405.7456892,4408.0,BID,4909.0,6.716327719453295e-08,6318512265.429031
179,KRW-MASK,1232660.46803803,1714500405.7480361,4422.0,BID,4909.0,2.611374213875905e-08,6318512265.429031
180,KRW-MASK,1232690.19426421,1714500405.749752,4412.0,ASK,4909.0,-4.704624274093252e-09,6318512265.429031
181,KRW-MASK,1232944.46803803,1714500405.9033222,4412.0,BID,4909.0,4.0242665225346565e-08,6318512265.429031
182,KRW-ETH,31125.22313129,1714500405.963257,4290000.0,BID,4653000.0,2.0855048048270516e-14,156480099887.04108
183,KRW-BSV,74894.14246411,1714500406.2539442,85770.0,BID,94680.0,1.7091170897329458e-10,7606266462.446051
184,KRW-SBD,1531277.73916548,1714500406.553386,5288.0,BID,5527.0,8.111834377253047e-10,8415358441.319309
185,KRW-STX,22143368.04226721,1714500406.559904,3237.0,ASK,3739.0,-3.931504157689084e-10,85005633114.81331
186,KRW-HIFI,7888037.81174011,1714500406.563434,1015.0,BID,1140.0,1.1001536943695974e-08,9687902094.532438
187,KRW-GRT,46205274.77442336,1714500406.624511,334.8,ASK,373.0,-1.6760938460765267e-08,17767281230.40408
188,KRW-GRT,46208261.63224892,1714500406.627945,334.8,ASK,373.0,-1.6811001001386344e-07,17767281230.40408
189,KRW-BCH,33956.29805285,1714500407.270259,615500.0,ASK,673200.0,-4.909386198860508e-11,24386055639.140945
190,KRW-IOTA,12765252.21824397,1714500407.455408,300.5,BID,326.8,2.2372577195035563e-07,4260756029.4424586
191,KRW-SOL,524957.94781923,1714500407.5142012,179750.0,BID,199900.0,1.0012906947251929e-12,111122215150.38562
192,KRW-DOGE,433536958.49728894,1714500407.7145169,191.1,ASK,209.1,-1.073364119278891e-07,99111733672.55426
193,KRW-GRT,46208724.12722982,1714500407.744123,335.4,BID,373.0,2.6030712009138983e-08,17767281230.40408
194,KRW-GRT,46209022.63224892,1714500407.747762,334.8,BID,373.0,1.6800827050294964e-08,17767281230.40408
195,KRW-ETH,31125.22639469,1714500408.014901,4290000.0,BID,4653000.0,2.0855048025021687e-14,156480099887.04108
196,KRW-VET,242344542.19133458,1714500408.4991128,51.02,ASK,57.9,-1.1259583577498809e-07,15430733183.997551
197,KRW-VET,242351987.00607467,1714500408.504831,51.02,ASK,57.9,-4.824666884793401e-07,15430733183.997551
198,KRW-VET,242393814.5053816,1714500408.5081768,51.03,ASK,57.9,-2.710661820679021e-06,15430733183.997551
199,KRW-XLM,29278334.30549356,1714500408.64551,152.0,ASK,161.7,-1.9116192119433965e-07,5052973068.718797
200,KRW-XLM,29289780.59386344,1714500408.650097,151.9,ASK,161.7,-2.2652581389635988e-06,5052973068.718797
201,KRW-XLM,29289912.08630262,1714500408.924819,152.1,BID,161.7,2.6022786464989618e-08,5052973068.718797
202,KRW-POWR,32515267.77109802,1714500409.318987,401.6,BID,444.3,2.785874443028006e-07,15320144849.604387
203,KRW-POWR,32516265.27733243,1714500409.3256938,401.8,BID,444.3,6.511075738511594e-08,15320144849.604387
204,KRW-STEEM,187436078.5270952,1714500409.333751,399.9,ASK,436.2,-8.798817546276854e-09,77352521288.0823
205,KRW-STEEM,187437336.5908901,1714500409.337193,400.1,ASK,436.2,-1.626403088046126e-08,77352521288.0823
206,KRW-STEEM,187439023.5908901,1714500409.339945,400.0,ASK,436.2,-2.1809243860547773e-08,77352521288.0823
207,KRW-POWR,32516776.86040911,1714500409.385074,402.0,BID,444.3,3.339283549235844e-08,15320144849.604387
208,KRW-POWR,32518572.56931536,1714500409.403282,402.0,BID,444.3,1.172122668471103e-07,15320144849.604387
209,KRW-POWR,32521650.92744036,1714500409.423297,402.0,BID,444.3,2.0093531459532413e-07,15320144849.604387
210,KRW-IQ,526208208.7745094,1714500409.6644878,12.25,BID,13.33,3.539790016330338e-06,8063436330.889147
211,KRW-MBL,422687704.51470053,1714500409.6844668,5.9,BID,6.365,3.122900007603144e-07,2881936654.420001
212,KRW-WAVES,18968959.93528598,1714500409.805443,3251.0,ASK,3763.0,-1.0472491772882191e-08,88557014176.18356
213,KRW-WAVES,18969671.48767689,1714500409.8099341,3251.0,ASK,3763.0,-8.034963661843107e-09,88557014176.18356
214,KRW-NEAR,7506954.23292564,1714500409.924787,8622.0,ASK,9898.0,-6.345235706463775e-10,79400607040.25192
215,KRW-STX,22143519.04226721,1714500409.983962,3237.0,ASK,3739.0,-1.776352865886559e-09,85005633114.81331
216,KRW-BCH,33957.08976257,1714500409.9887621,616000.0,BID,673200.0,3.246567348651311e-11,24386055639.140945
217,KRW-BTC,5750.51695678,1714500410.195922,86874000.0,BID,92540000.0,3.984292723918563e-16,577517808937.0522
218,KRW-NEO,3884686.26102517,1714500410.24629,24260.0,ASK,27860.0,-1.4328660795992254e-10,120112599179.49193
219,KRW-NEO,3884687.26102517,1714500410.2520618,24260.0,ASK,27860.0,-8.325521276128878e-12,120112599179.49193
220,KRW-GLM,135689245.0539548,1714500410.2643409,700.0,BID,785.3,7.896177267635657e-09,121637944300.19965
221,KRW-GLM,135689245.05395523,1714500410.267157,700.0,BID,785.3,3.430118092081646e-18,121637944300.19965
222,KRW-POWR,32523437.43927597,1714500410.384725,402.0,ASK,444.3,-1.166119415414512e-07,15320144849.604387
223,KRW-POWR,32525223.95111158,1714500410.3892171,401.9,ASK,444.3,-1.1661194154169435e-07,15320144849.604387
224,KRW-ETC,1440745.4074342,1714500410.753452,36320.0,BID,40110.0,4.51058433580047e-11,61040959551.7981
225,KRW-SOL,524959.98174044,1714500410.81476,179600.0,ASK,199900.0,-1.8303461708590793e-11,111122215150.38562
226,KRW-SOL,524966.64362382,1714500410.827931,179600.0,ASK,199900.0,-5.99509591400374e-11,111122215150.38562
227,KRW-SOL,524975.87297311,1714500410.895211,179600.0,BID,199900.0,8.305584331102421e-11,111122215150.38562
228,KRW-SOL,524979.06723449,1714500410.8989089,179600.0,BID,199900.0,2.8745479701630508e-11,111122215150.38562
229,KRW-SOL,524993.20010677,1714500410.913271,179600.0,BID,199900.0,1.271831403014793e-10,111122215150.38562
230,KRW-BTC,5750.51753232,1714500410.9742029,86874000.0,BID,92540000.0,9.96575327835782e-16,577517808937.0522
231,KRW-BCH,33957.46276257,1714500411.063754,615700.0,ASK,673200.0,-1.5295626546546022e-11,24386055639.140945
232,KRW-BCH,33957.68836257,1714500411.153754,615700.0,BID,673200.0,9.251188602876768e-12,24386055639.140945
233,KRW-GLM,135689527.9110981,1714500411.7764668,700.0,BID,785.3,2.325402196600535e-09,121637944300.19965
234,KRW-LSK,5730237.47390409,1714500412.390186,2280.0,BID,2427.0,5.862711713993184e-09,14954762367.163841
235,KRW-BCH,33957.6883654,1714500412.398685,615700.0,BID,673200.0,1.1604985684562988e-16,24386055639.140945
236,KRW-IOTA,12766110.08746194,1714500412.8007622,300.5,BID,326.8,2.0134201818678965e-07,4260756029.4424586
237,KRW-NEO,3884724.32687378,1714500412.9579918,24260.0,BID,27860.0,3.0859251122335663e-10,120112599179.49193
238,KRW-STX,22143553.74003614,1714500413.015072,3237.0,ASK,3739.0,-4.081819952270816e-10,85005633114.81331
239,KRW-NEO,3884728.95658021,1714500413.020881,24260.0,BID,27860.0,3.854471938339115e-11,120112599179.49193
240,KRW-BTC,5750.51760181,1714500413.145422,86854000.0,ASK,92540000.0,-1.2032529371696138e-16,577517808937.0522
241,KRW-ETH,31125.27299469,1714500413.234932,4290000.0,BID,4653000.0,2.978014459035331e-13,156480099887.04108
242,KRW-BTC,5750.52822541,1714500413.566019,86874000.0,BID,92540000.0,1.8395276882799034e-14,577517808937.0522
243,KRW-BTC,5750.52827852,1714500413.5693388,86874000.0,BID,92540000.0,9.196253115804865e-17,577517808937.0522
244,KRW-VET,242436369.69064152,1714500413.7949598,51.02,ASK,57.9,-2.757820043446822e-06,15430733183.997551
245,KRW-VET,242436745.65809888,1714500413.804291,51.01,ASK,57.9,-2.436484727400808e-08,15430733183.997551
246,KRW-VET,242437331.0617039,1714500413.809119,51.04,ASK,57.9,-3.7937510682977715e-08,15430733183.997551
247,KRW-VET,242444824.25572816,1714500413.81264,51.01,ASK,57.9,-4.856019435314735e-07,15430733183.997551
248,KRW-STX,22143591.09218439,1714500413.874926,3237.0,ASK,3739.0,-4.394079178175815e-10,85005633114.81331
249,KRW-SAND,14804289.14192521,1714500413.877599,589.6,ASK,641.5,-6.793891505298482e-08,10394900752.811626
250,KRW-NEO,3884733.94045918,1714500413.883243,24260.0,BID,27860.0,4.149339040360329e-11,120112599179.49193
251,KRW-DOGE,433542695.00217944,1714500413.973243,191.1,ASK,209.1,-5.7879170083471517e-08,99111733672.55426
252,KRW-WAVES,18969691.48767689,1714500414.335209,3251.0,BID,3763.0,2.2584320605265824e-10,88557014176.18356
253,KRW-GRT,46209060.94472962,1714500414.3397949,334.9,ASK,373.0,-2.1563502146847223e-09,17767281230.40408
254,KRW-SHIB,4751002983801.794,1714500414.5253508,0.03201,BID,0.03553,5.354886404112752e-06,175019048457.69745
255,KRW-HIFI,7888608.95670949,1714500414.605026,1015.0,BID,1140.0,5.8954453070164466e-08,9687902094.532438
256,KRW-SHIB,4751007221733.467,1714500415.258582,0.032,ASK,0.03553,-2.4214116750131236e-05,175019048457.69745
257,KRW-BTC,5750.52967852,1714500415.263333,86874000.0,BID,92540000.0,2.4241676679721484e-15,577517808937.0522
258,KRW-ETH,31125.29299469,1714500415.324728,4290000.0,BID,4653000.0,1.2781177935644237e-13,156480099887.04108
259,KRW-SOL,524993.756435,1714500415.484621,179750.0,BID,199900.0,5.006453742867696e-12,111122215150.38562
260,KRW-WAXP,53708750.84008397,1714500415.614142,88.29,ASK,96.88,-9.950021634869543e-08,5401329541.184576
261,KRW-ETC,1440750.4074342,1714500416.690712,36270.0,ASK,40110.0,-8.19122116807011e-11,61040959551.7981
262,KRW-ETC,1440757.863274,1714500416.69612,36270.0,ASK,40110.0,-1.2214486559017847e-10,61040959551.7981
263,KRW-ETC,1440762.863274,1714500416.699287,36280.0,ASK,40110.0,-8.19122116807011e-11,61040959551.7981
264,KRW-ETC,1440763.1174342,1714500416.702057,36270.0,ASK,40110.0,-4.163764820852344e-12,61040959551.7981
265,KRW-NEO,3884771.56925143,1714500416.7050638,24260.0,BID,27860.0,3.132793104729352e-10,120112599179.49193
266,KRW-NEAR,7506956.39720518,1714500416.7935061,8622.0,ASK,9898.0,-2.7257720309882557e-11,79400607040.25192
267,KRW-NEAR,7506957.39720518,1714500416.7959402,8622.0,ASK,9898.0,-1.259436215006584e-11,79400607040.25192
268,KRW-BTC,5750.5319807,1714500416.844522,86874000.0,BID,92540000.0,3.986335943518408e-15,577517808937.0522
269,KRW-STX,22143610.00027203,1714500416.883839,3237.0,ASK,3739.0,-2.2243334876098328e-10,85005633114.81331
270,KRW-ETH,31125.44710456,1714500416.914169,4290000.0,BID,4653000.0,9.848528350327262e-13,156480099887.04108
271,KRW-STX,22143814.80027203,1714500416.923052,3237.0,ASK,3739.0,-2.4092520989065615e-09,85005633114.81331
272,KRW-NEAR,7506992.01909315,1714500416.932914,8622.0,BID,9898.0,4.360405954222024e-10,79400607040.25192
273,KRW-PUNDIX,8798853.94891995,1714500417.0740669,829.6,BID,917.8,2.7807127396427324e-08,8863040632.971416
274,KRW-BSV,74904.18246411,1714500417.2244532,85770.0,BID,94680.0,1.3199642754514938e-09,7606266462.446051
275,KRW-NEO,3884775.68920299,1714500417.294366,24260.0,BID,27860.0,3.4300744366872286e-11,120112599179.49193
276,KRW-XRP,171205477.83108106,1714500417.715463,713.9,BID,743.4,4.159003474353951e-09,139569581780.17416
277,KRW-XRP,171205547.86890146,1714500417.8864691,713.9,BID,743.4,5.018129273262348e-10,139569581780.17416
